func_name,shadow_price,ir_count,opt_level,inlined,threshold_baseline,threshold_adjusted
func_0_size_10_opt_0,100.00,10,0,1,20,20
func_0_size_50_opt_0,100.00,50,0,0,20,20
func_0_size_100_opt_0,100.00,100,0,0,20,20
func_0_size_200_opt_0,100.00,200,0,0,20,20
func_0_size_500_opt_0,100.00,500,0,0,20,20
func_1_size_10_opt_0,100.00,10,0,1,20,20
func_1_size_50_opt_0,100.00,50,0,0,20,20
func_1_size_100_opt_0,100.00,100,0,0,20,20
func_1_size_200_opt_0,100.00,200,0,0,20,20
func_1_size_500_opt_0,100.00,500,0,0,20,20
func_2_size_10_opt_0,100.00,10,0,1,20,20
func_2_size_50_opt_0,100.00,50,0,0,20,20
func_2_size_100_opt_0,100.00,100,0,0,20,20
func_2_size_200_opt_0,100.00,200,0,0,20,20
func_2_size_500_opt_0,100.00,500,0,0,20,20
func_3_size_10_opt_0,100.00,10,0,1,20,20
func_3_size_50_opt_0,100.00,50,0,0,20,20
func_3_size_100_opt_0,100.00,100,0,0,20,20
func_3_size_200_opt_0,100.00,200,0,0,20,20
func_3_size_500_opt_0,100.00,500,0,0,20,20
func_4_size_10_opt_0,100.00,10,0,1,20,20
func_4_size_50_opt_0,100.00,50,0,0,20,20
func_4_size_100_opt_0,100.00,100,0,0,20,20
func_4_size_200_opt_0,100.00,200,0,0,20,20
func_4_size_500_opt_0,100.00,500,0,0,20,20
func_5_size_10_opt_0,100.00,10,0,1,20,20
func_5_size_50_opt_0,100.00,50,0,0,20,20
func_5_size_100_opt_0,100.00,100,0,0,20,20
func_5_size_200_opt_0,100.00,200,0,0,20,20
func_5_size_500_opt_0,100.00,500,0,0,20,20
func_6_size_10_opt_0,100.00,10,0,1,20,20
func_6_size_50_opt_0,100.00,50,0,0,20,20
func_6_size_100_opt_0,100.00,100,0,0,20,20
func_6_size_200_opt_0,100.00,200,0,0,20,20
func_6_size_500_opt_0,100.00,500,0,0,20,20
func_7_size_10_opt_0,100.00,10,0,1,20,20
func_7_size_50_opt_0,100.00,50,0,0,20,20
func_7_size_100_opt_0,100.00,100,0,0,20,20
func_7_size_200_opt_0,100.00,200,0,0,20,20
func_7_size_500_opt_0,100.00,500,0,0,20,20
func_8_size_10_opt_0,100.00,10,0,1,20,20
func_8_size_50_opt_0,100.00,50,0,0,20,20
func_8_size_100_opt_0,100.00,100,0,0,20,20
func_8_size_200_opt_0,100.00,200,0,0,20,20
func_8_size_500_opt_0,100.00,500,0,0,20,20
func_9_size_10_opt_0,100.00,10,0,1,20,20
func_9_size_50_opt_0,100.00,50,0,0,20,20
func_9_size_100_opt_0,100.00,100,0,0,20,20
func_9_size_200_opt_0,100.00,200,0,0,20,20
func_9_size_500_opt_0,100.00,500,0,0,20,20
func_10_size_10_opt_0,100.00,10,0,1,20,20
func_10_size_50_opt_0,100.00,50,0,0,20,20
func_10_size_100_opt_0,100.00,100,0,0,20,20
func_10_size_200_opt_0,100.00,200,0,0,20,20
func_10_size_500_opt_0,100.00,500,0,0,20,20
func_11_size_10_opt_0,100.00,10,0,1,20,20
func_11_size_50_opt_0,100.00,50,0,0,20,20
func_11_size_100_opt_0,100.00,100,0,0,20,20
func_11_size_200_opt_0,100.00,200,0,0,20,20
func_11_size_500_opt_0,100.00,500,0,0,20,20
func_12_size_10_opt_0,100.00,10,0,1,20,20
func_12_size_50_opt_0,100.00,50,0,0,20,20
func_12_size_100_opt_0,100.00,100,0,0,20,20
func_12_size_200_opt_0,100.00,200,0,0,20,20
func_12_size_500_opt_0,100.00,500,0,0,20,20
func_13_size_10_opt_0,100.00,10,0,1,20,20
func_13_size_50_opt_0,100.00,50,0,0,20,20
func_13_size_100_opt_0,100.00,100,0,0,20,20
func_13_size_200_opt_0,100.00,200,0,0,20,20
func_13_size_500_opt_0,100.00,500,0,0,20,20
func_14_size_10_opt_0,100.00,10,0,1,20,20
func_14_size_50_opt_0,100.00,50,0,0,20,20
func_14_size_100_opt_0,100.00,100,0,0,20,20
func_14_size_200_opt_0,100.00,200,0,0,20,20
func_14_size_500_opt_0,100.00,500,0,0,20,20
func_15_size_10_opt_0,100.00,10,0,1,20,20
func_15_size_50_opt_0,100.00,50,0,0,20,20
func_15_size_100_opt_0,100.00,100,0,0,20,20
func_15_size_200_opt_0,100.00,200,0,0,20,20
func_15_size_500_opt_0,100.00,500,0,0,20,20
func_16_size_10_opt_0,100.00,10,0,1,20,20
func_16_size_50_opt_0,100.00,50,0,0,20,20
func_16_size_100_opt_0,100.00,100,0,0,20,20
func_16_size_200_opt_0,100.00,200,0,0,20,20
func_16_size_500_opt_0,100.00,500,0,0,20,20
func_17_size_10_opt_0,100.00,10,0,1,20,20
func_17_size_50_opt_0,100.00,50,0,0,20,20
func_17_size_100_opt_0,100.00,100,0,0,20,20
func_17_size_200_opt_0,100.00,200,0,0,20,20
func_17_size_500_opt_0,100.00,500,0,0,20,20
func_18_size_10_opt_0,100.00,10,0,1,20,20
func_18_size_50_opt_0,100.00,50,0,0,20,20
func_18_size_100_opt_0,100.00,100,0,0,20,20
func_18_size_200_opt_0,100.00,200,0,0,20,20
func_18_size_500_opt_0,100.00,500,0,0,20,20
func_19_size_10_opt_0,100.00,10,0,1,20,20
func_19_size_50_opt_0,100.00,50,0,0,20,20
func_19_size_100_opt_0,100.00,100,0,0,20,20
func_19_size_200_opt_0,100.00,200,0,0,20,20
func_19_size_500_opt_0,100.00,500,0,0,20,20
func_20_size_10_opt_0,100.00,10,0,1,20,20
func_20_size_50_opt_0,100.00,50,0,0,20,20
func_20_size_100_opt_0,100.00,100,0,0,20,20
func_20_size_200_opt_0,100.00,200,0,0,20,20
func_20_size_500_opt_0,100.00,500,0,0,20,20
func_21_size_10_opt_0,100.00,10,0,1,20,20
func_21_size_50_opt_0,100.00,50,0,0,20,20
func_21_size_100_opt_0,100.00,100,0,0,20,20
func_21_size_200_opt_0,100.00,200,0,0,20,20
func_21_size_500_opt_0,100.00,500,0,0,20,20
func_22_size_10_opt_0,100.00,10,0,1,20,20
func_22_size_50_opt_0,100.00,50,0,0,20,20
func_22_size_100_opt_0,100.00,100,0,0,20,20
func_22_size_200_opt_0,100.00,200,0,0,20,20
func_22_size_500_opt_0,100.00,500,0,0,20,20
func_23_size_10_opt_0,100.00,10,0,1,20,20
func_23_size_50_opt_0,100.00,50,0,0,20,20
func_23_size_100_opt_0,100.00,100,0,0,20,20
func_23_size_200_opt_0,100.00,200,0,0,20,20
func_23_size_500_opt_0,100.00,500,0,0,20,20
func_24_size_10_opt_0,100.00,10,0,1,20,20
func_24_size_50_opt_0,100.00,50,0,0,20,20
func_24_size_100_opt_0,100.00,100,0,0,20,20
func_24_size_200_opt_0,100.00,200,0,0,20,20
func_24_size_500_opt_0,100.00,500,0,0,20,20
func_25_size_10_opt_0,100.00,10,0,1,20,20
func_25_size_50_opt_0,100.00,50,0,0,20,20
func_25_size_100_opt_0,100.00,100,0,0,20,20
func_25_size_200_opt_0,100.00,200,0,0,20,20
func_25_size_500_opt_0,100.00,500,0,0,20,20
func_26_size_10_opt_0,100.00,10,0,1,20,20
func_26_size_50_opt_0,100.00,50,0,0,20,20
func_26_size_100_opt_0,100.00,100,0,0,20,20
func_26_size_200_opt_0,100.00,200,0,0,20,20
func_26_size_500_opt_0,100.00,500,0,0,20,20
func_27_size_10_opt_0,100.00,10,0,1,20,20
func_27_size_50_opt_0,100.00,50,0,0,20,20
func_27_size_100_opt_0,100.00,100,0,0,20,20
func_27_size_200_opt_0,100.00,200,0,0,20,20
func_27_size_500_opt_0,100.00,500,0,0,20,20
func_28_size_10_opt_0,100.00,10,0,1,20,20
func_28_size_50_opt_0,100.00,50,0,0,20,20
func_28_size_100_opt_0,100.00,100,0,0,20,20
func_28_size_200_opt_0,100.00,200,0,0,20,20
func_28_size_500_opt_0,100.00,500,0,0,20,20
func_29_size_10_opt_0,100.00,10,0,1,20,20
func_29_size_50_opt_0,100.00,50,0,0,20,20
func_29_size_100_opt_0,100.00,100,0,0,20,20
func_29_size_200_opt_0,100.00,200,0,0,20,20
func_29_size_500_opt_0,100.00,500,0,0,20,20
func_30_size_10_opt_0,100.00,10,0,1,20,20
func_30_size_50_opt_0,100.00,50,0,0,20,20
func_30_size_100_opt_0,100.00,100,0,0,20,20
func_30_size_200_opt_0,100.00,200,0,0,20,20
func_30_size_500_opt_0,100.00,500,0,0,20,20
func_31_size_10_opt_0,100.00,10,0,1,20,20
func_31_size_50_opt_0,100.00,50,0,0,20,20
func_31_size_100_opt_0,100.00,100,0,0,20,20
func_31_size_200_opt_0,100.00,200,0,0,20,20
func_31_size_500_opt_0,100.00,500,0,0,20,20
func_32_size_10_opt_0,100.00,10,0,1,20,20
func_32_size_50_opt_0,100.00,50,0,0,20,20
func_32_size_100_opt_0,100.00,100,0,0,20,20
func_32_size_200_opt_0,100.00,200,0,0,20,20
func_32_size_500_opt_0,100.00,500,0,0,20,20
func_33_size_10_opt_0,100.00,10,0,1,20,20
func_33_size_50_opt_0,100.00,50,0,0,20,20
func_33_size_100_opt_0,100.00,100,0,0,20,20
func_33_size_200_opt_0,100.00,200,0,0,20,20
func_33_size_500_opt_0,100.00,500,0,0,20,20
func_34_size_10_opt_0,100.00,10,0,1,20,20
func_34_size_50_opt_0,100.00,50,0,0,20,20
func_34_size_100_opt_0,100.00,100,0,0,20,20
func_34_size_200_opt_0,100.00,200,0,0,20,20
func_34_size_500_opt_0,100.00,500,0,0,20,20
func_35_size_10_opt_0,100.00,10,0,1,20,20
func_35_size_50_opt_0,100.00,50,0,0,20,20
func_35_size_100_opt_0,100.00,100,0,0,20,20
func_35_size_200_opt_0,100.00,200,0,0,20,20
func_35_size_500_opt_0,100.00,500,0,0,20,20
func_36_size_10_opt_0,100.00,10,0,1,20,20
func_36_size_50_opt_0,100.00,50,0,0,20,20
func_36_size_100_opt_0,100.00,100,0,0,20,20
func_36_size_200_opt_0,100.00,200,0,0,20,20
func_36_size_500_opt_0,100.00,500,0,0,20,20
func_37_size_10_opt_0,100.00,10,0,1,20,20
func_37_size_50_opt_0,100.00,50,0,0,20,20
func_37_size_100_opt_0,100.00,100,0,0,20,20
func_37_size_200_opt_0,100.00,200,0,0,20,20
func_37_size_500_opt_0,100.00,500,0,0,20,20
func_38_size_10_opt_0,100.00,10,0,1,20,20
func_38_size_50_opt_0,100.00,50,0,0,20,20
func_38_size_100_opt_0,100.00,100,0,0,20,20
func_38_size_200_opt_0,100.00,200,0,0,20,20
func_38_size_500_opt_0,100.00,500,0,0,20,20
func_39_size_10_opt_0,100.00,10,0,1,20,20
func_39_size_50_opt_0,100.00,50,0,0,20,20
func_39_size_100_opt_0,100.00,100,0,0,20,20
func_39_size_200_opt_0,100.00,200,0,0,20,20
func_39_size_500_opt_0,100.00,500,0,0,20,20
func_40_size_10_opt_0,100.00,10,0,1,20,20
func_40_size_50_opt_0,100.00,50,0,0,20,20
func_40_size_100_opt_0,100.00,100,0,0,20,20
func_40_size_200_opt_0,100.00,200,0,0,20,20
func_40_size_500_opt_0,100.00,500,0,0,20,20
func_41_size_10_opt_0,100.00,10,0,1,20,20
func_41_size_50_opt_0,100.00,50,0,0,20,20
func_41_size_100_opt_0,100.00,100,0,0,20,20
func_41_size_200_opt_0,100.00,200,0,0,20,20
func_41_size_500_opt_0,100.00,500,0,0,20,20
func_42_size_10_opt_0,100.00,10,0,1,20,20
func_42_size_50_opt_0,100.00,50,0,0,20,20
func_42_size_100_opt_0,100.00,100,0,0,20,20
func_42_size_200_opt_0,100.00,200,0,0,20,20
func_42_size_500_opt_0,100.00,500,0,0,20,20
func_43_size_10_opt_0,100.00,10,0,1,20,20
func_43_size_50_opt_0,100.00,50,0,0,20,20
func_43_size_100_opt_0,100.00,100,0,0,20,20
func_43_size_200_opt_0,100.00,200,0,0,20,20
func_43_size_500_opt_0,100.00,500,0,0,20,20
func_44_size_10_opt_0,100.00,10,0,1,20,20
func_44_size_50_opt_0,100.00,50,0,0,20,20
func_44_size_100_opt_0,100.00,100,0,0,20,20
func_44_size_200_opt_0,100.00,200,0,0,20,20
func_44_size_500_opt_0,100.00,500,0,0,20,20
func_45_size_10_opt_0,100.00,10,0,1,20,20
func_45_size_50_opt_0,100.00,50,0,0,20,20
func_45_size_100_opt_0,100.00,100,0,0,20,20
func_45_size_200_opt_0,100.00,200,0,0,20,20
func_45_size_500_opt_0,100.00,500,0,0,20,20
func_46_size_10_opt_0,100.00,10,0,1,20,20
func_46_size_50_opt_0,100.00,50,0,0,20,20
func_46_size_100_opt_0,100.00,100,0,0,20,20
func_46_size_200_opt_0,100.00,200,0,0,20,20
func_46_size_500_opt_0,100.00,500,0,0,20,20
func_47_size_10_opt_0,100.00,10,0,1,20,20
func_47_size_50_opt_0,100.00,50,0,0,20,20
func_47_size_100_opt_0,100.00,100,0,0,20,20
func_47_size_200_opt_0,100.00,200,0,0,20,20
func_47_size_500_opt_0,100.00,500,0,0,20,20
func_48_size_10_opt_0,100.00,10,0,1,20,20
func_48_size_50_opt_0,100.00,50,0,0,20,20
func_48_size_100_opt_0,100.00,100,0,0,20,20
func_48_size_200_opt_0,100.00,200,0,0,20,20
func_48_size_500_opt_0,100.00,500,0,0,20,20
func_49_size_10_opt_0,100.00,10,0,1,20,20
func_49_size_50_opt_0,100.00,50,0,0,20,20
func_49_size_100_opt_0,100.00,100,0,0,20,20
func_49_size_200_opt_0,100.00,200,0,0,20,20
func_49_size_500_opt_0,100.00,500,0,0,20,20
func_0_size_10_opt_1,100.00,10,1,1,50,50
func_0_size_50_opt_1,100.00,50,1,0,50,50
func_0_size_100_opt_1,100.00,100,1,0,50,50
func_0_size_200_opt_1,100.00,200,1,0,50,50
func_0_size_500_opt_1,100.00,500,1,0,50,50
func_1_size_10_opt_1,100.00,10,1,1,50,50
func_1_size_50_opt_1,100.00,50,1,0,50,50
func_1_size_100_opt_1,100.00,100,1,0,50,50
func_1_size_200_opt_1,100.00,200,1,0,50,50
func_1_size_500_opt_1,100.00,500,1,0,50,50
func_2_size_10_opt_1,100.00,10,1,1,50,50
func_2_size_50_opt_1,100.00,50,1,0,50,50
func_2_size_100_opt_1,100.00,100,1,0,50,50
func_2_size_200_opt_1,100.00,200,1,0,50,50
func_2_size_500_opt_1,100.00,500,1,0,50,50
func_3_size_10_opt_1,100.00,10,1,1,50,50
func_3_size_50_opt_1,100.00,50,1,0,50,50
func_3_size_100_opt_1,100.00,100,1,0,50,50
func_3_size_200_opt_1,100.00,200,1,0,50,50
func_3_size_500_opt_1,100.00,500,1,0,50,50
func_4_size_10_opt_1,100.00,10,1,1,50,50
func_4_size_50_opt_1,100.00,50,1,0,50,50
func_4_size_100_opt_1,100.00,100,1,0,50,50
func_4_size_200_opt_1,100.00,200,1,0,50,50
func_4_size_500_opt_1,100.00,500,1,0,50,50
func_5_size_10_opt_1,100.00,10,1,1,50,50
func_5_size_50_opt_1,100.00,50,1,0,50,50
func_5_size_100_opt_1,100.00,100,1,0,50,50
func_5_size_200_opt_1,100.00,200,1,0,50,50
func_5_size_500_opt_1,100.00,500,1,0,50,50
func_6_size_10_opt_1,100.00,10,1,1,50,50
func_6_size_50_opt_1,100.00,50,1,0,50,50
func_6_size_100_opt_1,100.00,100,1,0,50,50
func_6_size_200_opt_1,100.00,200,1,0,50,50
func_6_size_500_opt_1,100.00,500,1,0,50,50
func_7_size_10_opt_1,100.00,10,1,1,50,50
func_7_size_50_opt_1,100.00,50,1,0,50,50
func_7_size_100_opt_1,100.00,100,1,0,50,50
func_7_size_200_opt_1,100.00,200,1,0,50,50
func_7_size_500_opt_1,100.00,500,1,0,50,50
func_8_size_10_opt_1,100.00,10,1,1,50,50
func_8_size_50_opt_1,100.00,50,1,0,50,50
func_8_size_100_opt_1,100.00,100,1,0,50,50
func_8_size_200_opt_1,100.00,200,1,0,50,50
func_8_size_500_opt_1,100.00,500,1,0,50,50
func_9_size_10_opt_1,100.00,10,1,1,50,50
func_9_size_50_opt_1,100.00,50,1,0,50,50
func_9_size_100_opt_1,100.00,100,1,0,50,50
func_9_size_200_opt_1,100.00,200,1,0,50,50
func_9_size_500_opt_1,100.00,500,1,0,50,50
func_10_size_10_opt_1,100.00,10,1,1,50,50
func_10_size_50_opt_1,100.00,50,1,0,50,50
func_10_size_100_opt_1,100.00,100,1,0,50,50
func_10_size_200_opt_1,100.00,200,1,0,50,50
func_10_size_500_opt_1,100.00,500,1,0,50,50
func_11_size_10_opt_1,100.00,10,1,1,50,50
func_11_size_50_opt_1,100.00,50,1,0,50,50
func_11_size_100_opt_1,100.00,100,1,0,50,50
func_11_size_200_opt_1,100.00,200,1,0,50,50
func_11_size_500_opt_1,100.00,500,1,0,50,50
func_12_size_10_opt_1,100.00,10,1,1,50,50
func_12_size_50_opt_1,100.00,50,1,0,50,50
func_12_size_100_opt_1,100.00,100,1,0,50,50
func_12_size_200_opt_1,100.00,200,1,0,50,50
func_12_size_500_opt_1,100.00,500,1,0,50,50
func_13_size_10_opt_1,100.00,10,1,1,50,50
func_13_size_50_opt_1,100.00,50,1,0,50,50
func_13_size_100_opt_1,100.00,100,1,0,50,50
func_13_size_200_opt_1,100.00,200,1,0,50,50
func_13_size_500_opt_1,100.00,500,1,0,50,50
func_14_size_10_opt_1,100.00,10,1,1,50,50
func_14_size_50_opt_1,100.00,50,1,0,50,50
func_14_size_100_opt_1,100.00,100,1,0,50,50
func_14_size_200_opt_1,100.00,200,1,0,50,50
func_14_size_500_opt_1,100.00,500,1,0,50,50
func_15_size_10_opt_1,100.00,10,1,1,50,50
func_15_size_50_opt_1,100.00,50,1,0,50,50
func_15_size_100_opt_1,100.00,100,1,0,50,50
func_15_size_200_opt_1,100.00,200,1,0,50,50
func_15_size_500_opt_1,100.00,500,1,0,50,50
func_16_size_10_opt_1,100.00,10,1,1,50,50
func_16_size_50_opt_1,100.00,50,1,0,50,50
func_16_size_100_opt_1,100.00,100,1,0,50,50
func_16_size_200_opt_1,100.00,200,1,0,50,50
func_16_size_500_opt_1,100.00,500,1,0,50,50
func_17_size_10_opt_1,100.00,10,1,1,50,50
func_17_size_50_opt_1,100.00,50,1,0,50,50
func_17_size_100_opt_1,100.00,100,1,0,50,50
func_17_size_200_opt_1,100.00,200,1,0,50,50
func_17_size_500_opt_1,100.00,500,1,0,50,50
func_18_size_10_opt_1,100.00,10,1,1,50,50
func_18_size_50_opt_1,100.00,50,1,0,50,50
func_18_size_100_opt_1,100.00,100,1,0,50,50
func_18_size_200_opt_1,100.00,200,1,0,50,50
func_18_size_500_opt_1,100.00,500,1,0,50,50
func_19_size_10_opt_1,100.00,10,1,1,50,50
func_19_size_50_opt_1,100.00,50,1,0,50,50
func_19_size_100_opt_1,100.00,100,1,0,50,50
func_19_size_200_opt_1,100.00,200,1,0,50,50
func_19_size_500_opt_1,100.00,500,1,0,50,50
func_20_size_10_opt_1,100.00,10,1,1,50,50
func_20_size_50_opt_1,100.00,50,1,0,50,50
func_20_size_100_opt_1,100.00,100,1,0,50,50
func_20_size_200_opt_1,100.00,200,1,0,50,50
func_20_size_500_opt_1,100.00,500,1,0,50,50
func_21_size_10_opt_1,100.00,10,1,1,50,50
func_21_size_50_opt_1,100.00,50,1,0,50,50
func_21_size_100_opt_1,100.00,100,1,0,50,50
func_21_size_200_opt_1,100.00,200,1,0,50,50
func_21_size_500_opt_1,100.00,500,1,0,50,50
func_22_size_10_opt_1,100.00,10,1,1,50,50
func_22_size_50_opt_1,100.00,50,1,0,50,50
func_22_size_100_opt_1,100.00,100,1,0,50,50
func_22_size_200_opt_1,100.00,200,1,0,50,50
func_22_size_500_opt_1,100.00,500,1,0,50,50
func_23_size_10_opt_1,100.00,10,1,1,50,50
func_23_size_50_opt_1,100.00,50,1,0,50,50
func_23_size_100_opt_1,100.00,100,1,0,50,50
func_23_size_200_opt_1,100.00,200,1,0,50,50
func_23_size_500_opt_1,100.00,500,1,0,50,50
func_24_size_10_opt_1,100.00,10,1,1,50,50
func_24_size_50_opt_1,100.00,50,1,0,50,50
func_24_size_100_opt_1,100.00,100,1,0,50,50
func_24_size_200_opt_1,100.00,200,1,0,50,50
func_24_size_500_opt_1,100.00,500,1,0,50,50
func_25_size_10_opt_1,100.00,10,1,1,50,50
func_25_size_50_opt_1,100.00,50,1,0,50,50
func_25_size_100_opt_1,100.00,100,1,0,50,50
func_25_size_200_opt_1,100.00,200,1,0,50,50
func_25_size_500_opt_1,100.00,500,1,0,50,50
func_26_size_10_opt_1,100.00,10,1,1,50,50
func_26_size_50_opt_1,100.00,50,1,0,50,50
func_26_size_100_opt_1,100.00,100,1,0,50,50
func_26_size_200_opt_1,100.00,200,1,0,50,50
func_26_size_500_opt_1,100.00,500,1,0,50,50
func_27_size_10_opt_1,100.00,10,1,1,50,50
func_27_size_50_opt_1,100.00,50,1,0,50,50
func_27_size_100_opt_1,100.00,100,1,0,50,50
func_27_size_200_opt_1,100.00,200,1,0,50,50
func_27_size_500_opt_1,100.00,500,1,0,50,50
func_28_size_10_opt_1,100.00,10,1,1,50,50
func_28_size_50_opt_1,100.00,50,1,0,50,50
func_28_size_100_opt_1,100.00,100,1,0,50,50
func_28_size_200_opt_1,100.00,200,1,0,50,50
func_28_size_500_opt_1,100.00,500,1,0,50,50
func_29_size_10_opt_1,100.00,10,1,1,50,50
func_29_size_50_opt_1,100.00,50,1,0,50,50
func_29_size_100_opt_1,100.00,100,1,0,50,50
func_29_size_200_opt_1,100.00,200,1,0,50,50
func_29_size_500_opt_1,100.00,500,1,0,50,50
func_30_size_10_opt_1,100.00,10,1,1,50,50
func_30_size_50_opt_1,100.00,50,1,0,50,50
func_30_size_100_opt_1,100.00,100,1,0,50,50
func_30_size_200_opt_1,100.00,200,1,0,50,50
func_30_size_500_opt_1,100.00,500,1,0,50,50
func_31_size_10_opt_1,100.00,10,1,1,50,50
func_31_size_50_opt_1,100.00,50,1,0,50,50
func_31_size_100_opt_1,100.00,100,1,0,50,50
func_31_size_200_opt_1,100.00,200,1,0,50,50
func_31_size_500_opt_1,100.00,500,1,0,50,50
func_32_size_10_opt_1,100.00,10,1,1,50,50
func_32_size_50_opt_1,100.00,50,1,0,50,50
func_32_size_100_opt_1,100.00,100,1,0,50,50
func_32_size_200_opt_1,100.00,200,1,0,50,50
func_32_size_500_opt_1,100.00,500,1,0,50,50
func_33_size_10_opt_1,100.00,10,1,1,50,50
func_33_size_50_opt_1,100.00,50,1,0,50,50
func_33_size_100_opt_1,100.00,100,1,0,50,50
func_33_size_200_opt_1,100.00,200,1,0,50,50
func_33_size_500_opt_1,100.00,500,1,0,50,50
func_34_size_10_opt_1,100.00,10,1,1,50,50
func_34_size_50_opt_1,100.00,50,1,0,50,50
func_34_size_100_opt_1,100.00,100,1,0,50,50
func_34_size_200_opt_1,100.00,200,1,0,50,50
func_34_size_500_opt_1,100.00,500,1,0,50,50
func_35_size_10_opt_1,100.00,10,1,1,50,50
func_35_size_50_opt_1,100.00,50,1,0,50,50
func_35_size_100_opt_1,100.00,100,1,0,50,50
func_35_size_200_opt_1,100.00,200,1,0,50,50
func_35_size_500_opt_1,100.00,500,1,0,50,50
func_36_size_10_opt_1,100.00,10,1,1,50,50
func_36_size_50_opt_1,100.00,50,1,0,50,50
func_36_size_100_opt_1,100.00,100,1,0,50,50
func_36_size_200_opt_1,100.00,200,1,0,50,50
func_36_size_500_opt_1,100.00,500,1,0,50,50
func_37_size_10_opt_1,100.00,10,1,1,50,50
func_37_size_50_opt_1,100.00,50,1,0,50,50
func_37_size_100_opt_1,100.00,100,1,0,50,50
func_37_size_200_opt_1,100.00,200,1,0,50,50
func_37_size_500_opt_1,100.00,500,1,0,50,50
func_38_size_10_opt_1,100.00,10,1,1,50,50
func_38_size_50_opt_1,100.00,50,1,0,50,50
func_38_size_100_opt_1,100.00,100,1,0,50,50
func_38_size_200_opt_1,100.00,200,1,0,50,50
func_38_size_500_opt_1,100.00,500,1,0,50,50
func_39_size_10_opt_1,100.00,10,1,1,50,50
func_39_size_50_opt_1,100.00,50,1,0,50,50
func_39_size_100_opt_1,100.00,100,1,0,50,50
func_39_size_200_opt_1,100.00,200,1,0,50,50
func_39_size_500_opt_1,100.00,500,1,0,50,50
func_40_size_10_opt_1,100.00,10,1,1,50,50
func_40_size_50_opt_1,100.00,50,1,0,50,50
func_40_size_100_opt_1,100.00,100,1,0,50,50
func_40_size_200_opt_1,100.00,200,1,0,50,50
func_40_size_500_opt_1,100.00,500,1,0,50,50
func_41_size_10_opt_1,100.00,10,1,1,50,50
func_41_size_50_opt_1,100.00,50,1,0,50,50
func_41_size_100_opt_1,100.00,100,1,0,50,50
func_41_size_200_opt_1,100.00,200,1,0,50,50
func_41_size_500_opt_1,100.00,500,1,0,50,50
func_42_size_10_opt_1,100.00,10,1,1,50,50
func_42_size_50_opt_1,100.00,50,1,0,50,50
func_42_size_100_opt_1,100.00,100,1,0,50,50
func_42_size_200_opt_1,100.00,200,1,0,50,50
func_42_size_500_opt_1,100.00,500,1,0,50,50
func_43_size_10_opt_1,100.00,10,1,1,50,50
func_43_size_50_opt_1,100.00,50,1,0,50,50
func_43_size_100_opt_1,100.00,100,1,0,50,50
func_43_size_200_opt_1,100.00,200,1,0,50,50
func_43_size_500_opt_1,100.00,500,1,0,50,50
func_44_size_10_opt_1,100.00,10,1,1,50,50
func_44_size_50_opt_1,100.00,50,1,0,50,50
func_44_size_100_opt_1,100.00,100,1,0,50,50
func_44_size_200_opt_1,100.00,200,1,0,50,50
func_44_size_500_opt_1,100.00,500,1,0,50,50
func_45_size_10_opt_1,100.00,10,1,1,50,50
func_45_size_50_opt_1,100.00,50,1,0,50,50
func_45_size_100_opt_1,100.00,100,1,0,50,50
func_45_size_200_opt_1,100.00,200,1,0,50,50
func_45_size_500_opt_1,100.00,500,1,0,50,50
func_46_size_10_opt_1,100.00,10,1,1,50,50
func_46_size_50_opt_1,100.00,50,1,0,50,50
func_46_size_100_opt_1,100.00,100,1,0,50,50
func_46_size_200_opt_1,100.00,200,1,0,50,50
func_46_size_500_opt_1,100.00,500,1,0,50,50
func_47_size_10_opt_1,100.00,10,1,1,50,50
func_47_size_50_opt_1,100.00,50,1,0,50,50
func_47_size_100_opt_1,100.00,100,1,0,50,50
func_47_size_200_opt_1,100.00,200,1,0,50,50
func_47_size_500_opt_1,100.00,500,1,0,50,50
func_48_size_10_opt_1,100.00,10,1,1,50,50
func_48_size_50_opt_1,100.00,50,1,0,50,50
func_48_size_100_opt_1,100.00,100,1,0,50,50
func_48_size_200_opt_1,100.00,200,1,0,50,50
func_48_size_500_opt_1,100.00,500,1,0,50,50
func_49_size_10_opt_1,100.00,10,1,1,50,50
func_49_size_50_opt_1,100.00,50,1,0,50,50
func_49_size_100_opt_1,100.00,100,1,0,50,50
func_49_size_200_opt_1,100.00,200,1,0,50,50
func_49_size_500_opt_1,100.00,500,1,0,50,50
func_0_size_10_opt_2,100.00,10,2,1,100,100
func_0_size_50_opt_2,100.00,50,2,1,100,100
func_0_size_100_opt_2,100.00,100,2,0,100,100
func_0_size_200_opt_2,100.00,200,2,0,100,100
func_0_size_500_opt_2,100.00,500,2,0,100,100
func_1_size_10_opt_2,100.00,10,2,1,100,100
func_1_size_50_opt_2,100.00,50,2,1,100,100
func_1_size_100_opt_2,100.00,100,2,0,100,100
func_1_size_200_opt_2,100.00,200,2,0,100,100
func_1_size_500_opt_2,100.00,500,2,0,100,100
func_2_size_10_opt_2,100.00,10,2,1,100,100
func_2_size_50_opt_2,100.00,50,2,1,100,100
func_2_size_100_opt_2,100.00,100,2,0,100,100
func_2_size_200_opt_2,100.00,200,2,0,100,100
func_2_size_500_opt_2,100.00,500,2,0,100,100
func_3_size_10_opt_2,100.00,10,2,1,100,100
func_3_size_50_opt_2,100.00,50,2,1,100,100
func_3_size_100_opt_2,100.00,100,2,0,100,100
func_3_size_200_opt_2,100.00,200,2,0,100,100
func_3_size_500_opt_2,100.00,500,2,0,100,100
func_4_size_10_opt_2,100.00,10,2,1,100,100
func_4_size_50_opt_2,100.00,50,2,1,100,100
func_4_size_100_opt_2,100.00,100,2,0,100,100
func_4_size_200_opt_2,100.00,200,2,0,100,100
func_4_size_500_opt_2,100.00,500,2,0,100,100
func_5_size_10_opt_2,100.00,10,2,1,100,100
func_5_size_50_opt_2,100.00,50,2,1,100,100
func_5_size_100_opt_2,100.00,100,2,0,100,100
func_5_size_200_opt_2,100.00,200,2,0,100,100
func_5_size_500_opt_2,100.00,500,2,0,100,100
func_6_size_10_opt_2,100.00,10,2,1,100,100
func_6_size_50_opt_2,100.00,50,2,1,100,100
func_6_size_100_opt_2,100.00,100,2,0,100,100
func_6_size_200_opt_2,100.00,200,2,0,100,100
func_6_size_500_opt_2,100.00,500,2,0,100,100
func_7_size_10_opt_2,100.00,10,2,1,100,100
func_7_size_50_opt_2,100.00,50,2,1,100,100
func_7_size_100_opt_2,100.00,100,2,0,100,100
func_7_size_200_opt_2,100.00,200,2,0,100,100
func_7_size_500_opt_2,100.00,500,2,0,100,100
func_8_size_10_opt_2,100.00,10,2,1,100,100
func_8_size_50_opt_2,100.00,50,2,1,100,100
func_8_size_100_opt_2,100.00,100,2,0,100,100
func_8_size_200_opt_2,100.00,200,2,0,100,100
func_8_size_500_opt_2,100.00,500,2,0,100,100
func_9_size_10_opt_2,100.00,10,2,1,100,100
func_9_size_50_opt_2,100.00,50,2,1,100,100
func_9_size_100_opt_2,100.00,100,2,0,100,100
func_9_size_200_opt_2,100.00,200,2,0,100,100
func_9_size_500_opt_2,100.00,500,2,0,100,100
func_10_size_10_opt_2,100.00,10,2,1,100,100
func_10_size_50_opt_2,100.00,50,2,1,100,100
func_10_size_100_opt_2,100.00,100,2,0,100,100
func_10_size_200_opt_2,100.00,200,2,0,100,100
func_10_size_500_opt_2,100.00,500,2,0,100,100
func_11_size_10_opt_2,100.00,10,2,1,100,100
func_11_size_50_opt_2,100.00,50,2,1,100,100
func_11_size_100_opt_2,100.00,100,2,0,100,100
func_11_size_200_opt_2,100.00,200,2,0,100,100
func_11_size_500_opt_2,100.00,500,2,0,100,100
func_12_size_10_opt_2,100.00,10,2,1,100,100
func_12_size_50_opt_2,100.00,50,2,1,100,100
func_12_size_100_opt_2,100.00,100,2,0,100,100
func_12_size_200_opt_2,100.00,200,2,0,100,100
func_12_size_500_opt_2,100.00,500,2,0,100,100
func_13_size_10_opt_2,100.00,10,2,1,100,100
func_13_size_50_opt_2,100.00,50,2,1,100,100
func_13_size_100_opt_2,100.00,100,2,0,100,100
func_13_size_200_opt_2,100.00,200,2,0,100,100
func_13_size_500_opt_2,100.00,500,2,0,100,100
func_14_size_10_opt_2,100.00,10,2,1,100,100
func_14_size_50_opt_2,100.00,50,2,1,100,100
func_14_size_100_opt_2,100.00,100,2,0,100,100
func_14_size_200_opt_2,100.00,200,2,0,100,100
func_14_size_500_opt_2,100.00,500,2,0,100,100
func_15_size_10_opt_2,100.00,10,2,1,100,100
func_15_size_50_opt_2,100.00,50,2,1,100,100
func_15_size_100_opt_2,100.00,100,2,0,100,100
func_15_size_200_opt_2,100.00,200,2,0,100,100
func_15_size_500_opt_2,100.00,500,2,0,100,100
func_16_size_10_opt_2,100.00,10,2,1,100,100
func_16_size_50_opt_2,100.00,50,2,1,100,100
func_16_size_100_opt_2,100.00,100,2,0,100,100
func_16_size_200_opt_2,100.00,200,2,0,100,100
func_16_size_500_opt_2,100.00,500,2,0,100,100
func_17_size_10_opt_2,100.00,10,2,1,100,100
func_17_size_50_opt_2,100.00,50,2,1,100,100
func_17_size_100_opt_2,100.00,100,2,0,100,100
func_17_size_200_opt_2,100.00,200,2,0,100,100
func_17_size_500_opt_2,100.00,500,2,0,100,100
func_18_size_10_opt_2,100.00,10,2,1,100,100
func_18_size_50_opt_2,100.00,50,2,1,100,100
func_18_size_100_opt_2,100.00,100,2,0,100,100
func_18_size_200_opt_2,100.00,200,2,0,100,100
func_18_size_500_opt_2,100.00,500,2,0,100,100
func_19_size_10_opt_2,100.00,10,2,1,100,100
func_19_size_50_opt_2,100.00,50,2,1,100,100
func_19_size_100_opt_2,100.00,100,2,0,100,100
func_19_size_200_opt_2,100.00,200,2,0,100,100
func_19_size_500_opt_2,100.00,500,2,0,100,100
func_20_size_10_opt_2,100.00,10,2,1,100,100
func_20_size_50_opt_2,100.00,50,2,1,100,100
func_20_size_100_opt_2,100.00,100,2,0,100,100
func_20_size_200_opt_2,100.00,200,2,0,100,100
func_20_size_500_opt_2,100.00,500,2,0,100,100
func_21_size_10_opt_2,100.00,10,2,1,100,100
func_21_size_50_opt_2,100.00,50,2,1,100,100
func_21_size_100_opt_2,100.00,100,2,0,100,100
func_21_size_200_opt_2,100.00,200,2,0,100,100
func_21_size_500_opt_2,100.00,500,2,0,100,100
func_22_size_10_opt_2,100.00,10,2,1,100,100
func_22_size_50_opt_2,100.00,50,2,1,100,100
func_22_size_100_opt_2,100.00,100,2,0,100,100
func_22_size_200_opt_2,100.00,200,2,0,100,100
func_22_size_500_opt_2,100.00,500,2,0,100,100
func_23_size_10_opt_2,100.00,10,2,1,100,100
func_23_size_50_opt_2,100.00,50,2,1,100,100
func_23_size_100_opt_2,100.00,100,2,0,100,100
func_23_size_200_opt_2,100.00,200,2,0,100,100
func_23_size_500_opt_2,100.00,500,2,0,100,100
func_24_size_10_opt_2,100.00,10,2,1,100,100
func_24_size_50_opt_2,100.00,50,2,1,100,100
func_24_size_100_opt_2,100.00,100,2,0,100,100
func_24_size_200_opt_2,100.00,200,2,0,100,100
func_24_size_500_opt_2,100.00,500,2,0,100,100
func_25_size_10_opt_2,100.00,10,2,1,100,100
func_25_size_50_opt_2,100.00,50,2,1,100,100
func_25_size_100_opt_2,100.00,100,2,0,100,100
func_25_size_200_opt_2,100.00,200,2,0,100,100
func_25_size_500_opt_2,100.00,500,2,0,100,100
func_26_size_10_opt_2,100.00,10,2,1,100,100
func_26_size_50_opt_2,100.00,50,2,1,100,100
func_26_size_100_opt_2,100.00,100,2,0,100,100
func_26_size_200_opt_2,100.00,200,2,0,100,100
func_26_size_500_opt_2,100.00,500,2,0,100,100
func_27_size_10_opt_2,100.00,10,2,1,100,100
func_27_size_50_opt_2,100.00,50,2,1,100,100
func_27_size_100_opt_2,100.00,100,2,0,100,100
func_27_size_200_opt_2,100.00,200,2,0,100,100
func_27_size_500_opt_2,100.00,500,2,0,100,100
func_28_size_10_opt_2,100.00,10,2,1,100,100
func_28_size_50_opt_2,100.00,50,2,1,100,100
func_28_size_100_opt_2,100.00,100,2,0,100,100
func_28_size_200_opt_2,100.00,200,2,0,100,100
func_28_size_500_opt_2,100.00,500,2,0,100,100
func_29_size_10_opt_2,100.00,10,2,1,100,100
func_29_size_50_opt_2,100.00,50,2,1,100,100
func_29_size_100_opt_2,100.00,100,2,0,100,100
func_29_size_200_opt_2,100.00,200,2,0,100,100
func_29_size_500_opt_2,100.00,500,2,0,100,100
func_30_size_10_opt_2,100.00,10,2,1,100,100
func_30_size_50_opt_2,100.00,50,2,1,100,100
func_30_size_100_opt_2,100.00,100,2,0,100,100
func_30_size_200_opt_2,100.00,200,2,0,100,100
func_30_size_500_opt_2,100.00,500,2,0,100,100
func_31_size_10_opt_2,100.00,10,2,1,100,100
func_31_size_50_opt_2,100.00,50,2,1,100,100
func_31_size_100_opt_2,100.00,100,2,0,100,100
func_31_size_200_opt_2,100.00,200,2,0,100,100
func_31_size_500_opt_2,100.00,500,2,0,100,100
func_32_size_10_opt_2,100.00,10,2,1,100,100
func_32_size_50_opt_2,100.00,50,2,1,100,100
func_32_size_100_opt_2,100.00,100,2,0,100,100
func_32_size_200_opt_2,100.00,200,2,0,100,100
func_32_size_500_opt_2,100.00,500,2,0,100,100
func_33_size_10_opt_2,100.00,10,2,1,100,100
func_33_size_50_opt_2,100.00,50,2,1,100,100
func_33_size_100_opt_2,100.00,100,2,0,100,100
func_33_size_200_opt_2,100.00,200,2,0,100,100
func_33_size_500_opt_2,100.00,500,2,0,100,100
func_34_size_10_opt_2,100.00,10,2,1,100,100
func_34_size_50_opt_2,100.00,50,2,1,100,100
func_34_size_100_opt_2,100.00,100,2,0,100,100
func_34_size_200_opt_2,100.00,200,2,0,100,100
func_34_size_500_opt_2,100.00,500,2,0,100,100
func_35_size_10_opt_2,100.00,10,2,1,100,100
func_35_size_50_opt_2,100.00,50,2,1,100,100
func_35_size_100_opt_2,100.00,100,2,0,100,100
func_35_size_200_opt_2,100.00,200,2,0,100,100
func_35_size_500_opt_2,100.00,500,2,0,100,100
func_36_size_10_opt_2,100.00,10,2,1,100,100
func_36_size_50_opt_2,100.00,50,2,1,100,100
func_36_size_100_opt_2,100.00,100,2,0,100,100
func_36_size_200_opt_2,100.00,200,2,0,100,100
func_36_size_500_opt_2,100.00,500,2,0,100,100
func_37_size_10_opt_2,100.00,10,2,1,100,100
func_37_size_50_opt_2,100.00,50,2,1,100,100
func_37_size_100_opt_2,100.00,100,2,0,100,100
func_37_size_200_opt_2,100.00,200,2,0,100,100
func_37_size_500_opt_2,100.00,500,2,0,100,100
func_38_size_10_opt_2,100.00,10,2,1,100,100
func_38_size_50_opt_2,100.00,50,2,1,100,100
func_38_size_100_opt_2,100.00,100,2,0,100,100
func_38_size_200_opt_2,100.00,200,2,0,100,100
func_38_size_500_opt_2,100.00,500,2,0,100,100
func_39_size_10_opt_2,100.00,10,2,1,100,100
func_39_size_50_opt_2,100.00,50,2,1,100,100
func_39_size_100_opt_2,100.00,100,2,0,100,100
func_39_size_200_opt_2,100.00,200,2,0,100,100
func_39_size_500_opt_2,100.00,500,2,0,100,100
func_40_size_10_opt_2,100.00,10,2,1,100,100
func_40_size_50_opt_2,100.00,50,2,1,100,100
func_40_size_100_opt_2,100.00,100,2,0,100,100
func_40_size_200_opt_2,100.00,200,2,0,100,100
func_40_size_500_opt_2,100.00,500,2,0,100,100
func_41_size_10_opt_2,100.00,10,2,1,100,100
func_41_size_50_opt_2,100.00,50,2,1,100,100
func_41_size_100_opt_2,100.00,100,2,0,100,100
func_41_size_200_opt_2,100.00,200,2,0,100,100
func_41_size_500_opt_2,100.00,500,2,0,100,100
func_42_size_10_opt_2,100.00,10,2,1,100,100
func_42_size_50_opt_2,100.00,50,2,1,100,100
func_42_size_100_opt_2,100.00,100,2,0,100,100
func_42_size_200_opt_2,100.00,200,2,0,100,100
func_42_size_500_opt_2,100.00,500,2,0,100,100
func_43_size_10_opt_2,100.00,10,2,1,100,100
func_43_size_50_opt_2,100.00,50,2,1,100,100
func_43_size_100_opt_2,100.00,100,2,0,100,100
func_43_size_200_opt_2,100.00,200,2,0,100,100
func_43_size_500_opt_2,100.00,500,2,0,100,100
func_44_size_10_opt_2,100.00,10,2,1,100,100
func_44_size_50_opt_2,100.00,50,2,1,100,100
func_44_size_100_opt_2,100.00,100,2,0,100,100
func_44_size_200_opt_2,100.00,200,2,0,100,100
func_44_size_500_opt_2,100.00,500,2,0,100,100
func_45_size_10_opt_2,100.00,10,2,1,100,100
func_45_size_50_opt_2,100.00,50,2,1,100,100
func_45_size_100_opt_2,100.00,100,2,0,100,100
func_45_size_200_opt_2,100.00,200,2,0,100,100
func_45_size_500_opt_2,100.00,500,2,0,100,100
func_46_size_10_opt_2,100.00,10,2,1,100,100
func_46_size_50_opt_2,100.00,50,2,1,100,100
func_46_size_100_opt_2,100.00,100,2,0,100,100
func_46_size_200_opt_2,100.00,200,2,0,100,100
func_46_size_500_opt_2,100.00,500,2,0,100,100
func_47_size_10_opt_2,100.00,10,2,1,100,100
func_47_size_50_opt_2,100.00,50,2,1,100,100
func_47_size_100_opt_2,100.00,100,2,0,100,100
func_47_size_200_opt_2,100.00,200,2,0,100,100
func_47_size_500_opt_2,100.00,500,2,0,100,100
func_48_size_10_opt_2,100.00,10,2,1,100,100
func_48_size_50_opt_2,100.00,50,2,1,100,100
func_48_size_100_opt_2,100.00,100,2,0,100,100
func_48_size_200_opt_2,100.00,200,2,0,100,100
func_48_size_500_opt_2,100.00,500,2,0,100,100
func_49_size_10_opt_2,100.00,10,2,1,100,100
func_49_size_50_opt_2,100.00,50,2,1,100,100
func_49_size_100_opt_2,100.00,100,2,0,100,100
func_49_size_200_opt_2,100.00,200,2,0,100,100
func_49_size_500_opt_2,100.00,500,2,0,100,100
